Chromosome,Strand,Position,Context,Dinucleotide,MethylationRatio,MethCount,UnmethCount
CP002684.1,C,109,CG,CG,0.846154,11,13
CP002684.1,G,110,CG,CG,0.888889,16,18
CP002684.1,C,115,CG,CG,0.923077,12,13
CP002684.1,G,116,CG,CG,0.941176,16,17
CP002684.1,C,161,CG,CG,0.647059,11,17
CP002684.1,G,162,CG,CG,0.909091,20,22
CP002684.1,C,310,CG,CG,0.238095,5,21
CP002684.1,G,311,CG,CG,0.24,6,25
CP002684.1,C,500,CG,CG,0.541667,13,24
CP002684.1,G,501,CG,CG,0.6,12,20
CP002684.1,C,511,CG,CG,0.434783,10,23
CP002684.1,G,512,CG,CG,0.666667,14,21
CP002684.1,C,642,CG,CG,0.666667,10,15
CP002684.1,G,643,CG,CG,0.714286,10,14
CP002684.1,C,647,CG,CG,0.571429,8,14
CP002684.1,G,648,CG,CG,0.5,8,16
CP002684.1,C,650,CG,CG,0.714286,10,14
CP002684.1,G,651,CG,CG,0.529412,9,17
CP002684.1,C,790,CG,CG,0.642857,9,14
CP002684.1,G,791,CG,CG,0.92,23,25
CP002684.1,C,809,CG,CG,0.733333,11,15
CP002684.1,G,810,CG,CG,0.851852,23,27
CP002684.1,C,839,CG,CG,0.809524,17,21
CP002684.1,G,840,CG,CG,0.833333,25,30
CP002684.1,C,904,CG,CG,0.75,21,28
CP002684.1,G,905,CG,CG,0.764706,26,34
CP002684.1,C,911,CG,CG,0.703704,19,27
CP002684.1,G,912,CG,CG,0.677419,21,31
CP002684.1,C,948,CG,CG,0.5,14,28
CP002684.1,G,949,CG,CG,0.481481,13,27
CP002684.1,C,1324,CG,CG,0.0,0,13
CP002684.1,G,1325,CG,CG,0.0,0,26
CP002684.1,C,1439,CG,CG,0.0,0,17
CP002684.1,G,1440,CG,CG,0.0,0,18
CP002684.1,C,1541,CG,CG,0.0,0,17
CP002684.1,G,1542,CG,CG,0.0,0,27
CP002684.1,C,1634,CG,CG,0.0,0,17
CP002684.1,G,1635,CG,CG,0.0,0,26
CP002684.1,C,1649,CG,CG,0.0,0,18
CP002684.1,G,1650,CG,CG,0.0,0,26
CP002684.1,C,1778,CG,CG,0.0,0,29
CP002684.1,G,1779,CG,CG,0.0,0,22
CP002684.1,C,1943,CG,CG,0.0,0,22
CP002684.1,G,1944,CG,CG,0.038462,1,26
CP002684.1,C,2024,CG,CG,0.0,0,18
CP002684.1,G,2025,CG,CG,0.0,0,26
CP002684.1,C,2194,CG,CG,0.0,0,16
CP002684.1,G,2195,CG,CG,0.0,0,21
CP002684.1,C,2257,CG,CG,0.0,0,17
CP002684.1,G,2258,CG,CG,0.0,0,22
CP002684.1,C,2296,CG,CG,0.0,0,21
CP002684.1,G,2297,CG,CG,0.0,0,25
CP002684.1,C,2400,CG,CG,0.0,0,19
CP002684.1,G,2401,CG,CG,0.04,1,25
CP002684.1,C,2431,CG,CG,0.0,0,20
CP002684.1,G,2432,CG,CG,0.0,0,22
CP002684.1,C,2437,CG,CG,0.0,0,20
CP002684.1,G,2438,CG,CG,0.0,0,21
CP002684.1,C,2478,CG,CG,0.0,0,24
CP002684.1,G,2479,CG,CG,0.0,0,19
CP002684.1,C,2509,CG,CG,0.0,0,24
CP002684.1,G,2510,CG,CG,0.0,0,16
CP002684.1,C,2688,CG,CG,0.0,0,16
CP002684.1,G,2689,CG,CG,0.0,0,16
CP002684.1,C,2807,CG,CG,0.0,0,24
CP002684.1,G,2808,CG,CG,0.052632,1,19
CP002684.1,C,2830,CG,CG,0.041667,1,24
CP002684.1,G,2831,CG,CG,0.0,0,21
CP002684.1,C,2845,CG,CG,0.045455,1,22
CP002684.1,G,2846,CG,CG,0.0,0,24
CP002684.1,C,2857,CG,CG,0.095238,2,21
CP002684.1,G,2858,CG,CG,0.0,0,21
CP002684.1,C,2866,CG,CG,0.0,0,21
CP002684.1,G,2867,CG,CG,0.0,0,20
CP002684.1,C,2877,CG,CG,0.0,0,19
CP002684.1,G,2878,CG,CG,0.0,0,20
CP002684.1,C,2918,CG,CG,0.0,0,20
CP002684.1,G,2919,CG,CG,0.0,0,15
CP002684.1,C,2929,CG,CG,0.0,0,19
CP002684.1,G,2930,CG,CG,0.0,0,15
CP002684.1,C,2977,CG,CG,0.0,0,19
CP002684.1,G,2978,CG,CG,0.0,0,12
CP002684.1,C,3019,CG,CG,0.0,0,18
CP002684.1,G,3020,CG,CG,0.0,0,11
CP002684.1,C,3069,CG,CG,0.0,0,24
CP002684.1,G,3070,CG,CG,0.0,0,15
CP002684.1,C,3091,CG,CG,0.0,0,23
CP002684.1,G,3092,CG,CG,0.0,0,16
CP002684.1,C,3123,CG,CG,0.0,0,22
CP002684.1,G,3124,CG,CG,0.0,0,17
CP002684.1,C,3168,CG,CG,0.0,0,21
CP002684.1,G,3169,CG,CG,0.0,0,21
CP002684.1,C,3292,CG,CG,0.0,0,20
CP002684.1,G,3293,CG,CG,0.0,0,26
CP002684.1,C,3306,CG,CG,0.0,0,19
CP002684.1,G,3307,CG,CG,0.0,0,25
CP002684.1,C,3456,CG,CG,0.0,0,25
CP002684.1,G,3457,CG,CG,0.0,0,24
CP002684.1,C,3518,CG,CG,0.0,0,20
CP002684.1,G,3519,CG,CG,0.0,0,28
CP002684.1,C,3541,CG,CG,0.0,0,23
CP002684.1,G,3542,CG,CG,0.0,0,28
CP002684.1,C,3604,CG,CG,0.0,0,27
CP002684.1,G,3605,CG,CG,0.0,0,23
CP002684.1,C,3673,CG,CG,0.0,0,25
CP002684.1,G,3674,CG,CG,0.0,0,20
CP002684.1,C,3697,CG,CG,0.0,0,29
CP002684.1,G,3698,CG,CG,0.0,0,17
CP002684.1,C,3707,CG,CG,0.0,0,24
CP002684.1,G,3708,CG,CG,0.0,0,17
CP002684.1,C,3710,CG,CG,0.0,0,24
CP002684.1,G,3711,CG,CG,0.0,0,17
CP002684.1,C,3713,CG,CG,0.0,0,24
CP002684.1,G,3714,CG,CG,0.0,0,17
CP002684.1,C,3727,CG,CG,0.0,0,25
CP002684.1,G,3728,CG,CG,0.0,0,17
CP002684.1,C,3743,CG,CG,0.0,0,28
CP002684.1,G,3744,CG,CG,0.0,0,15
CP002684.1,C,3747,CG,CG,0.0,0,27
CP002684.1,G,3748,CG,CG,0.0,0,15
CP002684.1,C,3787,CG,CG,0.0,0,26
CP002684.1,G,3788,CG,CG,0.0,0,12
CP002684.1,C,3791,CG,CG,0.0,0,26
CP002684.1,G,3792,CG,CG,0.0,0,14
CP002684.1,C,3795,CG,CG,0.0,0,26
CP002684.1,G,3796,CG,CG,0.071429,1,14
CP002684.1,C,3798,CG,CG,0.0,0,26
CP002684.1,G,3799,CG,CG,0.0,0,13
CP002684.1,C,3807,CG,CG,0.0,0,25
CP002684.1,G,3808,CG,CG,0.0,0,13
CP002684.1,C,3823,CG,CG,0.0,0,27
CP002684.1,G,3824,CG,CG,0.0,0,17
CP002684.1,C,3834,CG,CG,0.0,0,26
CP002684.1,G,3835,CG,CG,0.0,0,17
CP002684.1,C,3850,CG,CG,0.0,0,25
CP002684.1,G,3851,CG,CG,0.0,0,18
CP002684.1,C,3852,CG,CG,0.0,0,26
CP002684.1,G,3853,CG,CG,0.0,0,18
CP002684.1,C,3855,CG,CG,0.0,0,24
CP002684.1,G,3856,CG,CG,0.0,0,17
CP002684.1,C,3873,CG,CG,0.0,0,22
CP002684.1,G,3874,CG,CG,0.0,0,16
CP002684.1,C,3894,CG,CG,0.0,0,22
CP002684.1,G,3895,CG,CG,0.0,0,14
CP002684.1,C,3910,CG,CG,0.0,0,20
CP002684.1,G,3911,CG,CG,0.0,0,14
CP002684.1,C,3922,CG,CG,0.0,0,21
CP002684.1,G,3923,CG,CG,0.0,0,16
CP002684.1,C,3952,CG,CG,0.0,0,21
CP002684.1,G,3953,CG,CG,0.0,0,15
CP002684.1,C,4014,CG,CG,0.0,0,20
CP002684.1,G,4015,CG,CG,0.0,0,10
CP002684.1,C,4043,CG,CG,0.0,0,18
CP002684.1,G,4044,CG,CG,0.0,0,11
CP002684.1,C,4067,CG,CG,0.0,0,19
CP002684.1,G,4068,CG,CG,0.0,0,11
CP002684.1,C,4083,CG,CG,0.0,0,20
CP002684.1,G,4084,CG,CG,0.0,0,11
CP002684.1,C,4108,CG,CG,0.0,0,19
CP002684.1,C,4160,CG,CG,0.0,0,19
CP002684.1,C,4198,CG,CG,0.0,0,21
CP002684.1,G,4199,CG,CG,0.0,0,12
CP002684.1,C,4243,CG,CG,0.0,0,18
CP002684.1,G,4244,CG,CG,0.0,0,15
CP002684.1,C,4255,CG,CG,0.0,0,17
CP002684.1,G,4256,CG,CG,0.071429,1,14
CP002684.1,C,4472,CG,CG,0.0,0,27
CP002684.1,G,4473,CG,CG,0.0,0,18
CP002684.1,C,4529,CG,CG,0.0,0,22
CP002684.1,G,4530,CG,CG,0.0,0,17
CP002684.1,C,4566,CG,CG,0.0,0,25
CP002684.1,G,4567,CG,CG,0.0,0,19
CP002684.1,C,4698,CG,CG,0.0,0,21
CP002684.1,G,4699,CG,CG,0.0,0,26
CP002684.1,C,4718,CG,CG,0.0,0,22
CP002684.1,G,4719,CG,CG,0.0,0,30
CP002684.1,C,4724,CG,CG,0.0,0,21
CP002684.1,G,4725,CG,CG,0.0,0,31
CP002684.1,C,4867,CG,CG,0.055556,1,18
CP002684.1,G,4868,CG,CG,0.0,0,28
CP002684.1,C,4870,CG,CG,0.0,0,19
CP002684.1,G,4871,CG,CG,0.0,0,27
CP002684.1,C,4894,CG,CG,0.047619,1,21
CP002684.1,G,4895,CG,CG,0.0,0,28
CP002684.1,C,4941,CG,CG,0.0,0,19
CP002684.1,G,4942,CG,CG,0.037037,1,27
CP002684.1,C,5030,CG,CG,0.0,0,12
CP002684.1,G,5031,CG,CG,0.0,0,31
CP002684.1,C,5134,CG,CG,0.0,0,21
CP002684.1,G,5135,CG,CG,0.0,0,31
CP002684.1,C,5151,CG,CG,0.0,0,21
CP002684.1,G,5152,CG,CG,0.037037,1,27
CP002684.1,C,5179,CG,CG,0.0,0,23
CP002684.1,G,5180,CG,CG,0.04,1,25
CP002684.1,C,5190,CG,CG,0.0,0,20
CP002684.1,G,5191,CG,CG,0.0,0,24
CP002684.1,C,5226,CG,CG,0.0,0,17
CP002684.1,G,5227,CG,CG,0.0,0,27
CP002684.1,C,5237,CG,CG,0.0,0,18
CP002684.1,G,5238,CG,CG,0.0,0,26
CP002684.1,C,5362,CG,CG,0.0,0,28
CP002684.1,G,5363,CG,CG,0.04,1,25
CP002684.1,C,5449,CG,CG,0.615385,16,26
CP002684.1,G,5450,CG,CG,0.823529,14,17
CP002684.1,C,5459,CG,CG,0.625,15,24
CP002684.1,G,5460,CG,CG,0.941176,16,17
CP002684.1,C,5465,CG,CG,0.458333,11,24
CP002684.1,G,5466,CG,CG,0.333333,5,15
CP002684.1,C,5488,CG,CG,0.041667,1,24
CP002684.1,G,5489,CG,CG,0.111111,2,18
CP002684.1,C,5515,CG,CG,0.0,0,20
CP002684.1,G,5516,CG,CG,0.0,0,17
CP002684.1,C,5600,CG,CG,0.0,0,22
CP002684.1,G,5601,CG,CG,0.0,0,15
CP002684.1,C,5641,CG,CG,0.0,0,21
CP002684.1,G,5642,CG,CG,0.0,0,14
CP002684.1,C,5715,CG,CG,0.0,0,20
CP002684.1,C,5720,CG,CG,0.0,0,19
CP002684.1,C,5849,CG,CG,0.0,0,26
CP002684.1,G,5850,CG,CG,0.0,0,12
CP002684.1,C,6012,CG,CG,0.0,0,26
CP002684.1,G,6013,CG,CG,0.0,0,10
CP002684.1,C,6025,CG,CG,0.0,0,27
CP002684.1,G,6026,CG,CG,0.0,0,11
CP002684.1,C,6106,CG,CG,0.0,0,25
CP002684.1,G,6107,CG,CG,0.0,0,15
CP002684.1,C,6296,CG,CG,0.0,0,20
CP002684.1,G,6297,CG,CG,0.0,0,15
CP002684.1,C,6334,CG,CG,0.0,0,21
CP002684.1,G,6335,CG,CG,0.0,0,17
CP002684.1,C,6380,CG,CG,0.0,0,24
CP002684.1,G,6381,CG,CG,0.090909,2,22
CP002684.1,C,6452,CG,CG,0.0,0,22
CP002684.1,G,6453,CG,CG,0.0,0,23
CP002684.1,C,6473,CG,CG,0.0,0,18
CP002684.1,G,6474,CG,CG,0.041667,1,24
CP002684.1,C,6502,CG,CG,0.666667,12,18
CP002684.1,G,6503,CG,CG,0.764706,13,17
CP002684.1,C,6512,CG,CG,0.428571,9,21
CP002684.1,G,6513,CG,CG,0.578947,11,19
CP002684.1,C,6520,CG,CG,0.380952,8,21
CP002684.1,G,6521,CG,CG,0.444444,8,18
CP002684.1,C,6683,CG,CG,0.0,0,26
CP002684.1,G,6684,CG,CG,0.0,0,17
CP002684.1,C,6686,CG,CG,0.0,0,24
CP002684.1,G,6687,CG,CG,0.0,0,18
CP002684.1,C,6692,CG,CG,0.0,0,23
CP002684.1,G,6693,CG,CG,0.0,0,18
CP002684.1,C,6746,CG,CG,0.0,0,25
CP002684.1,G,6747,CG,CG,0.0,0,21
CP002684.1,C,6750,CG,CG,0.0,0,24
CP002684.1,G,6751,CG,CG,0.0,0,19
CP002684.1,C,6817,CG,CG,0.0,0,24
CP002684.1,G,6818,CG,CG,0.045455,1,22
CP002684.1,C,6920,CG,CG,0.0,0,27
CP002684.1,G,6921,CG,CG,0.0,0,16
CP002684.1,C,6981,CG,CG,0.0,0,24
CP002684.1,G,6982,CG,CG,0.0,0,13
CP002684.1,C,7020,CG,CG,0.869565,20,23
CP002684.1,G,7021,CG,CG,0.888889,16,18
CP002684.1,C,7022,CG,CG,0.956522,22,23
CP002684.1,G,7023,CG,CG,0.888889,16,18
CP002684.1,C,7034,CG,CG,0.380952,8,21
CP002684.1,G,7035,CG,CG,0.526316,10,19
CP002684.1,C,7196,CG,CG,0.0,0,16
CP002684.1,G,7197,CG,CG,0.0,0,26
CP002684.1,C,7390,CG,CG,0.0,0,17
CP002684.1,G,7391,CG,CG,0.0,0,13
CP002684.1,C,7593,CG,CG,0.0,0,17
CP002684.1,G,7594,CG,CG,0.0,0,14
CP002684.1,C,7622,CG,CG,0.0,0,20
CP002684.1,G,7623,CG,CG,0.0,0,18
CP002684.1,C,7662,CG,CG,0.0,0,19
CP002684.1,G,7663,CG,CG,0.0,0,20
CP002684.1,C,7753,CG,CG,0.0,0,21
CP002684.1,G,7754,CG,CG,0.0,0,24
CP002684.1,C,7798,CG,CG,0.0,0,27
CP002684.1,G,7799,CG,CG,0.0,0,23
CP002684.1,C,7871,CG,CG,0.0,0,26
CP002684.1,G,7872,CG,CG,0.0,0,19
CP002684.1,C,7963,CG,CG,0.045455,1,22
CP002684.1,G,7964,CG,CG,0.0,0,10
CP002684.1,C,8277,CG,CG,0.066667,2,30
CP002684.1,G,8278,CG,CG,0.0,0,15
CP002684.1,C,8313,CG,CG,0.033333,1,30
CP002684.1,G,8314,CG,CG,0.0,0,16
CP002684.1,C,8421,CG,CG,0.038462,1,26
CP002684.1,G,8422,CG,CG,0.0,0,13
CP002684.1,C,8431,CG,CG,0.038462,1,26
CP002684.1,G,8432,CG,CG,0.0,0,17
CP002684.1,C,8570,CG,CG,0.0,0,17
CP002684.1,G,8571,CG,CG,0.0,0,19
CP002684.1,C,8584,CG,CG,0.0,0,17
CP002684.1,G,8585,CG,CG,0.0,0,20
CP002684.1,C,8595,CG,CG,0.0,0,20
CP002684.1,G,8596,CG,CG,0.0,0,18
CP002684.1,C,8642,CG,CG,0.0,0,16
CP002684.1,G,8643,CG,CG,0.0,0,19
CP002684.1,C,8658,CG,CG,0.0,0,10
CP002684.1,G,8659,CG,CG,0.0,0,18
CP002684.1,C,8661,CG,CG,0.0,0,10
CP002684.1,G,8662,CG,CG,0.0,0,18
CP002684.1,G,8716,CG,CG,0.0,0,18
CP002684.1,C,8731,CG,CG,0.0,0,10
CP002684.1,G,8732,CG,CG,0.0,0,18
CP002684.1,C,8830,CG,CG,0.0,0,21
CP002684.1,G,8831,CG,CG,0.0,0,27
CP002684.1,C,8868,CG,CG,0.0,0,22
CP002684.1,G,8869,CG,CG,0.0,0,23
CP002684.1,C,8935,CG,CG,0.0,0,21
CP002684.1,G,8936,CG,CG,0.0,0,25
CP002684.1,C,9063,CG,CG,0.0,0,21
CP002684.1,G,9064,CG,CG,0.0,0,17
CP002684.1,C,9198,CG,CG,0.033333,1,30
CP002684.1,G,9199,CG,CG,0.0,0,32
CP002684.1,C,9334,CG,CG,0.0,0,25
CP002684.1,G,9335,CG,CG,0.0,0,28
CP002684.1,C,9416,CG,CG,0.0,0,20
CP002684.1,G,9417,CG,CG,0.0,0,20
CP002684.1,C,9461,CG,CG,0.0,0,18
CP002684.1,G,9462,CG,CG,0.0,0,24
CP002684.1,C,9638,CG,CG,0.0,0,11
CP002684.1,G,9639,CG,CG,0.0,0,25
CP002684.1,C,9851,CG,CG,0.0,0,14
CP002684.1,G,9852,CG,CG,0.0,0,28
CP002684.1,C,9921,CG,CG,0.0,0,16
CP002684.1,G,9922,CG,CG,0.0,0,23
CP002684.1,C,9942,CG,CG,0.0,0,17
CP002684.1,G,9943,CG,CG,0.0,0,22
CP002684.1,C,10048,CG,CG,0.0,0,18
CP002684.1,G,10049,CG,CG,0.0,0,18
CP002684.1,C,10070,CG,CG,0.0,0,18
CP002684.1,G,10071,CG,CG,0.0,0,18
CP002684.1,C,10146,CG,CG,0.0,0,15
CP002684.1,G,10147,CG,CG,0.0,0,12
CP002684.1,C,10161,CG,CG,0.0,0,15
CP002684.1,G,10162,CG,CG,0.0,0,13
CP002684.1,C,10195,CG,CG,0.0,0,15
CP002684.1,G,10196,CG,CG,0.0,0,12
CP002684.1,C,10209,CG,CG,0.0,0,15
CP002684.1,G,10210,CG,CG,0.0,0,14
CP002684.1,C,10214,CG,CG,0.0,0,15
CP002684.1,G,10215,CG,CG,0.0,0,14
CP002684.1,C,10268,CG,CG,0.0,0,22
CP002684.1,G,10269,CG,CG,0.0,0,17
CP002684.1,C,10373,CG,CG,0.0,0,18
CP002684.1,G,10374,CG,CG,0.0,0,21
CP002684.1,C,10420,CG,CG,0.0,0,19
CP002684.1,G,10421,CG,CG,0.0,0,16
CP002684.1,C,10513,CG,CG,0.0,0,22
CP002684.1,G,10514,CG,CG,0.0,0,17
CP002684.1,C,10609,CG,CG,0.0,0,19
CP002684.1,G,10610,CG,CG,0.0,0,19
CP002684.1,C,10732,CG,CG,0.0,0,25
CP002684.1,G,10733,CG,CG,0.0,0,17
CP002684.1,C,10774,CG,CG,0.0,0,21
CP002684.1,G,10775,CG,CG,0.052632,1,19
CP002684.1,C,10802,CG,CG,0.045455,1,22
CP002684.1,G,10803,CG,CG,0.0,0,16
CP002684.1,C,10808,CG,CG,0.0,0,22
CP002684.1,G,10809,CG,CG,0.0,0,17
CP002684.1,C,11239,CG,CG,0.0,0,22
CP002684.1,G,11240,CG,CG,0.0,0,15
CP002684.1,C,11565,CG,CG,0.0,0,29
CP002684.1,G,11566,CG,CG,0.0,0,21
CP002684.1,C,11575,CG,CG,0.0,0,27
CP002684.1,G,11576,CG,CG,0.0,0,19
CP002684.1,C,11672,CG,CG,0.0,0,33
CP002684.1,G,11673,CG,CG,0.0,0,16
CP002684.1,C,11726,CG,CG,0.0,0,33
CP002684.1,G,11727,CG,CG,0.0,0,15
CP002684.1,C,11753,CG,CG,0.0,0,30
CP002684.1,G,11754,CG,CG,0.0,0,12
CP002684.1,C,11763,CG,CG,0.0,0,31
CP002684.1,G,11764,CG,CG,0.0,0,11
CP002684.1,C,11923,CG,CG,0.043478,1,23
CP002684.1,G,11924,CG,CG,0.0,0,23
CP002684.1,C,11963,CG,CG,0.0,0,24
CP002684.1,G,11964,CG,CG,0.052632,1,19
CP002684.1,C,11976,CG,CG,0.0,0,23
CP002684.1,G,11977,CG,CG,0.0,0,20
CP002684.1,C,12013,CG,CG,0.066667,1,15
CP002684.1,G,12014,CG,CG,0.0,0,18
CP002684.1,C,12018,CG,CG,0.0,0,14
CP002684.1,G,12019,CG,CG,0.0,0,18
CP002684.1,C,12101,CG,CG,0.0,0,12
CP002684.1,G,12102,CG,CG,0.0,0,12
CP002684.1,C,12104,CG,CG,0.0,0,13
CP002684.1,G,12105,CG,CG,0.0,0,12
CP002684.1,C,12116,CG,CG,0.0,0,12
CP002684.1,G,12117,CG,CG,0.0,0,13
CP002684.1,C,12125,CG,CG,0.0,0,10
CP002684.1,G,12126,CG,CG,0.071429,1,14
CP002684.1,C,12128,CG,CG,0.0,0,10
CP002684.1,G,12129,CG,CG,0.0,0,14
CP002684.1,G,12141,CG,CG,0.0,0,14
CP002684.1,G,12155,CG,CG,0.0,0,15
CP002684.1,G,12186,CG,CG,0.0,0,12
CP002684.1,G,12219,CG,CG,0.0,0,14
CP002684.1,G,12228,CG,CG,0.142857,2,14
CP002684.1,C,12271,CG,CG,0.0,0,12
CP002684.1,G,12272,CG,CG,0.0,0,15
CP002684.1,C,12282,CG,CG,0.0,0,15
CP002684.1,G,12283,CG,CG,0.0,0,15
CP002684.1,C,12303,CG,CG,0.0,0,16
CP002684.1,G,12304,CG,CG,0.0,0,15
CP002684.1,C,12316,CG,CG,0.0,0,16
CP002684.1,G,12317,CG,CG,0.0,0,17
CP002684.1,C,12330,CG,CG,0.0,0,16
CP002684.1,G,12331,CG,CG,0.0,0,18
CP002684.1,C,12338,CG,CG,0.0,0,17
CP002684.1,G,12339,CG,CG,0.0,0,21
CP002684.1,C,12343,CG,CG,0.0,0,17
CP002684.1,G,12344,CG,CG,0.0,0,22
CP002684.1,C,12395,CG,CG,0.0,0,19
CP002684.1,G,12396,CG,CG,0.0,0,21
CP002684.1,C,12442,CG,CG,0.05,1,20
CP002684.1,G,12443,CG,CG,0.0,0,22
CP002684.1,C,12454,CG,CG,0.0,0,18
CP002684.1,G,12455,CG,CG,0.0,0,21
CP002684.1,C,12505,CG,CG,0.0,0,19
CP002684.1,G,12506,CG,CG,0.0,0,22
CP002684.1,C,12513,CG,CG,0.0,0,17
CP002684.1,G,12514,CG,CG,0.0,0,22
CP002684.1,C,12541,CG,CG,0.0,0,19
CP002684.1,G,12542,CG,CG,0.0,0,22
CP002684.1,C,12559,CG,CG,0.0,0,20
CP002684.1,G,12560,CG,CG,0.0,0,18
CP002684.1,C,12564,CG,CG,0.0,0,20
CP002684.1,G,12565,CG,CG,0.0,0,19
CP002684.1,C,12586,CG,CG,0.0,0,20
CP002684.1,G,12587,CG,CG,0.0,0,19
CP002684.1,C,12611,CG,CG,0.0,0,22
CP002684.1,G,12612,CG,CG,0.0,0,14
CP002684.1,C,12618,CG,CG,0.0,0,22
CP002684.1,G,12619,CG,CG,0.0,0,12
CP002684.1,C,12637,CG,CG,0.0,0,22
CP002684.1,G,12638,CG,CG,0.0,0,10
CP002684.1,C,12662,CG,CG,0.0,0,20
CP002684.1,G,12663,CG,CG,0.0,0,11
CP002684.1,C,12667,CG,CG,0.0,0,20
CP002684.1,G,12668,CG,CG,0.0,0,11
CP002684.1,C,12709,CG,CG,0.0,0,19
CP002684.1,G,12710,CG,CG,0.0,0,11
CP002684.1,C,12727,CG,CG,0.0,0,20
CP002684.1,G,12728,CG,CG,0.0,0,13
CP002684.1,C,12745,CG,CG,0.0,0,18
CP002684.1,G,12746,CG,CG,0.0,0,11
CP002684.1,C,12748,CG,CG,0.0,0,17
CP002684.1,G,12749,CG,CG,0.0,0,11
CP002684.1,C,12751,CG,CG,0.0,0,17
CP002684.1,G,12752,CG,CG,0.0,0,10
CP002684.1,C,12772,CG,CG,0.0,0,16
CP002684.1,G,12773,CG,CG,0.0,0,13
CP002684.1,C,12791,CG,CG,0.0,0,19
CP002684.1,G,12792,CG,CG,0.0,0,15
CP002684.1,C,12812,CG,CG,0.055556,1,18
CP002684.1,G,12813,CG,CG,0.0,0,17
CP002684.1,C,12832,CG,CG,0.0,0,20
CP002684.1,G,12833,CG,CG,0.0,0,19
CP002684.1,C,12841,CG,CG,0.0,0,23
CP002684.1,G,12842,CG,CG,0.0,0,19
CP002684.1,C,12859,CG,CG,0.0,0,22
CP002684.1,G,12860,CG,CG,0.0,0,18
CP002684.1,C,12901,CG,CG,0.0,0,23
CP002684.1,G,12902,CG,CG,0.0,0,16
CP002684.1,C,12920,CG,CG,0.0,0,21
CP002684.1,G,12921,CG,CG,0.0,0,16
CP002684.1,C,12980,CG,CG,0.0625,1,16
CP002684.1,G,12981,CG,CG,0.0,0,11
CP002684.1,C,13126,CG,CG,0.0,0,12
CP002684.1,C,13149,CG,CG,0.0,0,13
CP002684.1,C,13168,CG,CG,0.0,0,13
CP002684.1,C,13214,CG,CG,0.0,0,17
CP002684.1,C,13403,CG,CG,0.0,0,12
CP002684.1,G,13404,CG,CG,0.0,0,14
CP002684.1,C,13468,CG,CG,0.0,0,15
CP002684.1,G,13469,CG,CG,0.0,0,16
CP002684.1,C,13497,CG,CG,0.0,0,19
CP002684.1,G,13498,CG,CG,0.0,0,16
CP002684.1,C,13672,CG,CG,0.066667,1,15
CP002684.1,G,13673,CG,CG,0.052632,1,19
CP002684.1,C,13684,CG,CG,0.0,0,14
CP002684.1,G,13685,CG,CG,0.0,0,17
CP002684.1,C,13693,CG,CG,0.0,0,15
CP002684.1,G,13694,CG,CG,0.0,0,20
CP002684.1,C,13719,CG,CG,0.0,0,14
CP002684.1,G,13720,CG,CG,0.0,0,18
CP002684.1,C,13756,CG,CG,0.0,0,16
CP002684.1,G,13757,CG,CG,0.0,0,22
CP002684.1,C,13824,CG,CG,0.0,0,23
CP002684.1,G,13825,CG,CG,0.029412,1,34
CP002684.1,C,13827,CG,CG,0.0,0,23
CP002684.1,G,13828,CG,CG,0.0,0,33
CP002684.1,C,13846,CG,CG,0.0,0,22
CP002684.1,G,13847,CG,CG,0.0,0,33
CP002684.1,C,14028,CG,CG,0.0,0,22
CP002684.1,G,14029,CG,CG,0.0,0,23
CP002684.1,C,14179,CG,CG,0.0,0,12
CP002684.1,G,14180,CG,CG,0.0,0,18
CP002684.1,C,14309,CG,CG,0.0,0,22
CP002684.1,G,14310,CG,CG,0.0,0,15
CP002684.1,C,14325,CG,CG,0.0,0,21
CP002684.1,G,14326,CG,CG,0.071429,1,14
CP002684.1,C,14335,CG,CG,0.0,0,21
CP002684.1,G,14336,CG,CG,0.0,0,15
CP002684.1,C,14366,CG,CG,0.0,0,21
CP002684.1,G,14367,CG,CG,0.0,0,17
CP002684.1,C,14382,CG,CG,0.0,0,22
CP002684.1,G,14383,CG,CG,0.0,0,19
CP002684.1,C,14390,CG,CG,0.0,0,21
CP002684.1,G,14391,CG,CG,0.0,0,20
CP002684.1,C,14499,CG,CG,0.0,0,16
CP002684.1,G,14500,CG,CG,0.0,0,27
CP002684.1,C,14511,CG,CG,0.0,0,14
CP002684.1,G,14512,CG,CG,0.0,0,26
CP002684.1,C,14514,CG,CG,0.0,0,14
CP002684.1,G,14515,CG,CG,0.0,0,27
CP002684.1,C,14599,CG,CG,0.041667,1,24
CP002684.1,G,14600,CG,CG,0.04,1,25
CP002684.1,C,14631,CG,CG,0.0,0,28
CP002684.1,G,14632,CG,CG,0.0,0,20
CP002684.1,C,14635,CG,CG,0.0,0,27
CP002684.1,G,14636,CG,CG,0.0,0,19
CP002684.1,C,14698,CG,CG,0.0,0,24
CP002684.1,G,14699,CG,CG,0.0,0,18
CP002684.1,C,14742,CG,CG,0.0,0,24
CP002684.1,G,14743,CG,CG,0.052632,1,19
CP002684.1,C,14749,CG,CG,0.0,0,22
CP002684.1,G,14750,CG,CG,0.0,0,20
CP002684.1,C,14843,CG,CG,0.0,0,18
CP002684.1,G,14844,CG,CG,0.0,0,21
CP002684.1,C,15015,CG,CG,0.0,0,22
CP002684.1,G,15016,CG,CG,0.0,0,16
CP002684.1,C,15102,CG,CG,0.0,0,23
CP002684.1,G,15103,CG,CG,0.0,0,17
CP002684.1,C,15138,CG,CG,0.0,0,23
CP002684.1,G,15139,CG,CG,0.0,0,15
CP002684.1,C,15142,CG,CG,0.0,0,22
CP002684.1,G,15143,CG,CG,0.0,0,14
CP002684.1,C,15149,CG,CG,0.0,0,26
CP002684.1,G,15150,CG,CG,0.0,0,12
CP002684.1,C,15187,CG,CG,0.0,0,29
CP002684.1,G,15188,CG,CG,0.0,0,13
CP002684.1,C,15243,CG,CG,0.0,0,31
CP002684.1,G,15244,CG,CG,0.0,0,20
CP002684.1,C,15356,CG,CG,0.0,0,23
CP002684.1,G,15357,CG,CG,0.0,0,16
CP002684.1,C,15432,CG,CG,0.0,0,21
CP002684.1,G,15433,CG,CG,0.0,0,18
CP002684.1,C,15524,CG,CG,0.0,0,21
CP002684.1,G,15525,CG,CG,0.0,0,19
CP002684.1,C,15531,CG,CG,0.0,0,22
CP002684.1,G,15532,CG,CG,0.0,0,20
CP002684.1,C,15566,CG,CG,0.0,0,16
CP002684.1,G,15567,CG,CG,0.08,2,25
CP002684.1,C,15569,CG,CG,0.0,0,16
CP002684.1,G,15570,CG,CG,0.0,0,23
CP002684.1,C,15590,CG,CG,0.0,0,17
CP002684.1,G,15591,CG,CG,0.0,0,24
CP002684.1,C,15593,CG,CG,0.0,0,18
CP002684.1,G,15594,CG,CG,0.0,0,23
CP002684.1,C,15670,CG,CG,0.0,0,17
CP002684.1,G,15671,CG,CG,0.0,0,25
CP002684.1,C,15690,CG,CG,0.0,0,18
CP002684.1,G,15691,CG,CG,0.0,0,25
CP002684.1,C,15758,CG,CG,0.0,0,22
CP002684.1,G,15759,CG,CG,0.0,0,23
CP002684.1,C,15804,CG,CG,0.0,0,22
CP002684.1,G,15805,CG,CG,0.0,0,20
CP002684.1,C,15808,CG,CG,0.0,0,23
CP002684.1,G,15809,CG,CG,0.0,0,19
CP002684.1,C,15814,CG,CG,0.0,0,23
CP002684.1,G,15815,CG,CG,0.0,0,17
CP002684.1,C,15856,CG,CG,0.0,0,21
CP002684.1,G,15857,CG,CG,0.0,0,20
CP002684.1,C,15948,CG,CG,0.0,0,23
CP002684.1,G,15949,CG,CG,0.0,0,25
CP002684.1,C,16059,CG,CG,0.0,0,20
CP002684.1,G,16060,CG,CG,0.0,0,31
CP002684.1,C,16153,CG,CG,0.0,0,23
CP002684.1,G,16154,CG,CG,0.0,0,36
CP002684.1,C,16280,CG,CG,0.0,0,23
CP002684.1,G,16281,CG,CG,0.0,0,27
CP002684.1,C,16344,CG,CG,0.0,0,22
CP002684.1,G,16345,CG,CG,0.0,0,22
CP002684.1,C,16433,CG,CG,0.0,0,22
CP002684.1,G,16434,CG,CG,0.0,0,21
CP002684.1,C,16478,CG,CG,0.0,0,18
CP002684.1,G,16479,CG,CG,0.0,0,25
CP002684.1,C,16500,CG,CG,0.0,0,23
CP002684.1,G,16501,CG,CG,0.0,0,25
CP002684.1,C,16759,CG,CG,0.0,0,19
CP002684.1,G,16760,CG,CG,0.0,0,26
CP002684.1,C,16825,CG,CG,0.0,0,18
CP002684.1,G,16826,CG,CG,0.0,0,17
CP002684.1,C,16840,CG,CG,0.0,0,20
CP002684.1,G,16841,CG,CG,0.0,0,20
CP002684.1,C,16842,CG,CG,0.05,1,20
CP002684.1,G,16843,CG,CG,0.0,0,20
CP002684.1,C,16844,CG,CG,0.0,0,20
CP002684.1,G,16845,CG,CG,0.0,0,20
CP002684.1,C,16871,CG,CG,0.0,0,21
CP002684.1,G,16872,CG,CG,0.0,0,21
CP002684.1,C,16915,CG,CG,0.0,0,23
CP002684.1,G,16916,CG,CG,0.0,0,20
CP002684.1,C,16956,CG,CG,0.0,0,21
CP002684.1,G,16957,CG,CG,0.047619,1,21
CP002684.1,C,16974,CG,CG,0.0,0,18
CP002684.1,G,16975,CG,CG,0.0,0,15
CP002684.1,C,17544,CG,CG,0.545455,12,22
CP002684.1,G,17545,CG,CG,0.416667,5,12
CP002684.1,C,17572,CG,CG,0.655172,19,29
CP002684.1,G,17573,CG,CG,0.588235,10,17
CP002684.1,C,17602,CG,CG,0.419355,13,31
CP002684.1,G,17603,CG,CG,0.5,11,22
CP002684.1,C,17640,CG,CG,0.888889,24,27
CP002684.1,G,17641,CG,CG,0.833333,25,30
CP002684.1,C,17832,CG,CG,0.666667,10,15
CP002684.1,G,17833,CG,CG,0.777778,14,18
CP002684.1,C,18516,CG,CG,0.846154,11,13
CP002684.1,C,18540,CG,CG,0.75,12,16
CP002684.1,C,18701,CG,CG,0.705882,12,17
CP002684.1,G,18702,CG,CG,0.826087,19,23
CP002684.1,C,18715,CG,CG,0.846154,11,13
CP002684.1,G,18716,CG,CG,0.875,21,24
CP002684.1,C,18755,CG,CG,0.5625,9,16
CP002684.1,G,18756,CG,CG,0.64,16,25
CP002684.1,C,18974,CG,CG,0.0,0,15
CP002684.1,G,18975,CG,CG,0.0,0,26
CP002684.1,C,19102,CG,CG,0.0,0,22
CP002684.1,G,19103,CG,CG,0.0,0,17
CP002684.1,C,19213,CG,CG,0.038462,1,26
CP002684.1,G,19214,CG,CG,0.047619,1,21
CP002684.1,C,19286,CG,CG,0.0,0,28
CP002684.1,G,19287,CG,CG,0.0,0,22
CP002684.1,C,19407,CG,CG,0.0,0,25
CP002684.1,G,19408,CG,CG,0.047619,1,21
CP002684.1,C,19537,CG,CG,0.0,0,24
CP002684.1,G,19538,CG,CG,0.0,0,23
CP002684.1,C,19597,CG,CG,0.0,0,23
CP002684.1,G,19598,CG,CG,0.0,0,17
CP002684.1,C,19658,CG,CG,0.047619,1,21
CP002684.1,G,19659,CG,CG,0.0,0,17
CP002684.1,C,19667,CG,CG,0.05,1,20
CP002684.1,G,19668,CG,CG,0.0,0,16
CP002684.1,C,19690,CG,CG,0.0,0,17
CP002684.1,G,19691,CG,CG,0.0,0,16
CP002684.1,C,19781,CG,CG,0.041667,1,24
CP002684.1,G,19782,CG,CG,0.0,0,18
CP002684.1,C,19827,CG,CG,0.0,0,24
CP002684.1,G,19828,CG,CG,0.0,0,22
CP002684.1,C,19831,CG,CG,0.0,0,24
CP002684.1,G,19832,CG,CG,0.0,0,21
CP002684.1,C,19835,CG,CG,0.0,0,24
CP002684.1,G,19836,CG,CG,0.0,0,22
CP002684.1,C,19881,CG,CG,0.0,0,22
CP002684.1,G,19882,CG,CG,0.0,0,21
CP002684.1,C,19885,CG,CG,0.0,0,22
CP002684.1,G,19886,CG,CG,0.0,0,21
CP002684.1,C,19984,CG,CG,0.0,0,27
CP002684.1,G,19985,CG,CG,0.0,0,21
CP002684.1,C,20015,CG,CG,0.0,0,25
CP002684.1,G,20016,CG,CG,0.0,0,18
CP002684.1,C,20055,CG,CG,0.0,0,23
CP002684.1,G,20056,CG,CG,0.0,0,17
CP002684.1,C,20234,CG,CG,0.0,0,24
CP002684.1,G,20235,CG,CG,0.0,0,22
CP002684.1,C,20252,CG,CG,0.0,0,22
CP002684.1,G,20253,CG,CG,0.0,0,21
CP002684.1,C,20279,CG,CG,0.0,0,23
CP002684.1,G,20280,CG,CG,0.0,0,18
CP002684.1,C,20284,CG,CG,0.0,0,23
CP002684.1,G,20285,CG,CG,0.0,0,18
CP002684.1,C,20290,CG,CG,0.0,0,24
CP002684.1,G,20291,CG,CG,0.0,0,18
CP002684.1,C,20296,CG,CG,0.0,0,25
CP002684.1,G,20297,CG,CG,0.0,0,19
CP002684.1,C,20325,CG,CG,0.0,0,29
CP002684.1,G,20326,CG,CG,0.0,0,22
CP002684.1,C,20349,CG,CG,0.0,0,25
CP002684.1,G,20350,CG,CG,0.0,0,23
CP002684.1,C,20361,CG,CG,0.0,0,23
CP002684.1,G,20362,CG,CG,0.0,0,17
CP002684.1,C,20418,CG,CG,0.0,0,26
CP002684.1,G,20419,CG,CG,0.0,0,23
CP002684.1,C,20468,CG,CG,0.0,0,21
CP002684.1,G,20469,CG,CG,0.0,0,24
CP002684.1,C,20504,CG,CG,0.0,0,22
CP002684.1,G,20505,CG,CG,0.0,0,18
CP002684.1,C,20560,CG,CG,0.0,0,26
CP002684.1,G,20561,CG,CG,0.0,0,18
CP002684.1,C,20621,CG,CG,0.0,0,21
CP002684.1,G,20622,CG,CG,0.0,0,20
CP002684.1,C,20655,CG,CG,0.0,0,22
CP002684.1,G,20656,CG,CG,0.0,0,23
CP002684.1,C,20667,CG,CG,0.0,0,21
CP002684.1,G,20668,CG,CG,0.0,0,23
CP002684.1,C,20719,CG,CG,0.0,0,20
CP002684.1,G,20720,CG,CG,0.0,0,24
CP002684.1,C,20747,CG,CG,0.052632,1,19
CP002684.1,G,20748,CG,CG,0.0,0,22
CP002684.1,C,20880,CG,CG,0.0,0,23
CP002684.1,G,20881,CG,CG,0.0,0,22
CP002684.1,C,20941,CG,CG,0.0,0,25
CP002684.1,G,20942,CG,CG,0.0,0,19
CP002684.1,C,20943,CG,CG,0.0,0,25
CP002684.1,G,20944,CG,CG,0.0,0,19
CP002684.1,C,20946,CG,CG,0.0,0,25
CP002684.1,G,20947,CG,CG,0.0,0,19
CP002684.1,C,20960,CG,CG,0.0,0,24
CP002684.1,G,20961,CG,CG,0.0,0,17
CP002684.1,C,20992,CG,CG,0.0,0,22
CP002684.1,G,20993,CG,CG,0.0,0,19
CP002684.1,C,20998,CG,CG,0.0,0,21
CP002684.1,G,20999,CG,CG,0.0,0,19
CP002684.1,C,21013,CG,CG,0.0,0,22
CP002684.1,G,21014,CG,CG,0.0,0,19
CP002684.1,C,21016,CG,CG,0.0,0,22
CP002684.1,G,21017,CG,CG,0.0,0,18
CP002684.1,C,21020,CG,CG,0.0,0,22
CP002684.1,G,21021,CG,CG,0.0,0,18
CP002684.1,C,21025,CG,CG,0.043478,1,23
CP002684.1,G,21026,CG,CG,0.0,0,17
CP002684.1,C,21056,CG,CG,0.0,0,19
CP002684.1,G,21057,CG,CG,0.058824,1,17
CP002684.1,C,21079,CG,CG,0.0,0,22
CP002684.1,G,21080,CG,CG,0.0,0,21
CP002684.1,C,21104,CG,CG,0.0,0,19
CP002684.1,G,21105,CG,CG,0.0,0,22
CP002684.1,C,21131,CG,CG,0.0,0,19
CP002684.1,G,21132,CG,CG,0.0,0,23
CP002684.1,C,21134,CG,CG,0.0,0,20
CP002684.1,G,21135,CG,CG,0.0,0,23
CP002684.1,C,21153,CG,CG,0.0,0,25
CP002684.1,G,21154,CG,CG,0.0,0,25
CP002684.1,C,21167,CG,CG,0.0,0,24
CP002684.1,G,21168,CG,CG,0.0,0,25
CP002684.1,C,21196,CG,CG,0.0,0,25
CP002684.1,G,21197,CG,CG,0.0,0,26
CP002684.1,C,21201,CG,CG,0.0,0,24
CP002684.1,G,21202,CG,CG,0.0,0,25
CP002684.1,C,21223,CG,CG,0.0,0,26
CP002684.1,G,21224,CG,CG,0.0,0,22
CP002684.1,C,21258,CG,CG,0.0,0,26
CP002684.1,G,21259,CG,CG,0.0,0,30
CP002684.1,C,21267,CG,CG,0.0,0,26
CP002684.1,G,21268,CG,CG,0.0,0,29
CP002684.1,C,21274,CG,CG,0.0,0,25
CP002684.1,G,21275,CG,CG,0.0,0,28
CP002684.1,C,21277,CG,CG,0.0,0,25
CP002684.1,G,21278,CG,CG,0.0,0,27
CP002684.1,C,21292,CG,CG,0.0,0,23
CP002684.1,G,21293,CG,CG,0.0,0,28
CP002684.1,C,21365,CG,CG,0.0,0,21
CP002684.1,G,21366,CG,CG,0.034483,1,29
CP002684.1,C,21408,CG,CG,0.0,0,22
CP002684.1,G,21409,CG,CG,0.0,0,28
CP002684.1,C,21420,CG,CG,0.0,0,22
CP002684.1,G,21421,CG,CG,0.0,0,26
CP002684.1,C,21446,CG,CG,0.0,0,22
CP002684.1,G,21447,CG,CG,0.0,0,22
CP002684.1,C,21463,CG,CG,0.0,0,20
CP002684.1,G,21464,CG,CG,0.0,0,22
CP002684.1,C,21499,CG,CG,0.0,0,20
CP002684.1,G,21500,CG,CG,0.0,0,22
CP002684.1,C,21572,CG,CG,0.0,0,20
CP002684.1,G,21573,CG,CG,0.0,0,20
CP002684.1,C,21685,CG,CG,0.0,0,24
CP002684.1,G,21686,CG,CG,0.0,0,14
CP002684.1,C,21735,CG,CG,0.0,0,23
CP002684.1,G,21736,CG,CG,0.0,0,16
CP002684.1,C,21758,CG,CG,0.0,0,23
CP002684.1,G,21759,CG,CG,0.0,0,19
CP002684.1,C,21762,CG,CG,0.0,0,22
CP002684.1,G,21763,CG,CG,0.0,0,19
CP002684.1,C,21773,CG,CG,0.0,0,21
CP002684.1,G,21774,CG,CG,0.0,0,19
CP002684.1,C,21835,CG,CG,0.0,0,17
CP002684.1,G,21836,CG,CG,0.0,0,25
CP002684.1,C,21848,CG,CG,0.0,0,18
CP002684.1,G,21849,CG,CG,0.0,0,23
CP002684.1,C,21872,CG,CG,0.0,0,20
CP002684.1,G,21873,CG,CG,0.0,0,19
CP002684.1,C,21874,CG,CG,0.0,0,20
CP002684.1,G,21875,CG,CG,0.0,0,18
CP002684.1,C,21920,CG,CG,0.0,0,24
CP002684.1,G,21921,CG,CG,0.0,0,21
CP002684.1,C,21939,CG,CG,0.0,0,24
CP002684.1,G,21940,CG,CG,0.0,0,22
CP002684.1,C,21946,CG,CG,0.0,0,24
CP002684.1,G,21947,CG,CG,0.0,0,21
CP002684.1,C,21953,CG,CG,0.0,0,25
CP002684.1,G,21954,CG,CG,0.0,0,22
CP002684.1,C,21981,CG,CG,0.0,0,21
CP002684.1,G,21982,CG,CG,0.0,0,24
CP002684.1,C,22002,CG,CG,0.0,0,20
CP002684.1,G,22003,CG,CG,0.0,0,24
CP002684.1,C,22149,CG,CG,0.0,0,19
CP002684.1,G,22150,CG,CG,0.0,0,16
CP002684.1,C,22182,CG,CG,0.0,0,20
CP002684.1,G,22183,CG,CG,0.0,0,14
CP002684.1,C,22185,CG,CG,0.0,0,20
CP002684.1,G,22186,CG,CG,0.0,0,14
CP002684.1,C,22199,CG,CG,0.047619,1,21
CP002684.1,G,22200,CG,CG,0.0,0,19
CP002684.1,C,22251,CG,CG,0.047619,1,21
CP002684.1,G,22252,CG,CG,0.0,0,17
CP002684.1,C,22286,CG,CG,0.0,0,17
CP002684.1,G,22287,CG,CG,0.0,0,18
CP002684.1,C,22320,CG,CG,0.0,0,19
CP002684.1,G,22321,CG,CG,0.0,0,19
CP002684.1,C,22337,CG,CG,0.052632,1,19
CP002684.1,G,22338,CG,CG,0.0,0,17
CP002684.1,C,22389,CG,CG,0.0,0,17
CP002684.1,G,22390,CG,CG,0.0,0,15
CP002684.1,C,22416,CG,CG,0.0,0,17
CP002684.1,G,22417,CG,CG,0.0,0,10
CP002684.1,C,22464,CG,CG,0.0,0,17
CP002684.1,G,22465,CG,CG,0.0,0,15
CP002684.1,C,22515,CG,CG,0.058824,1,17
CP002684.1,G,22516,CG,CG,0.0,0,17
CP002684.1,C,22535,CG,CG,0.0,0,16
CP002684.1,G,22536,CG,CG,0.0,0,19
CP002684.1,C,22563,CG,CG,0.0,0,16
CP002684.1,G,22564,CG,CG,0.0,0,22
CP002684.1,C,22566,CG,CG,0.0,0,17
CP002684.1,G,22567,CG,CG,0.0,0,23
CP002684.1,C,22658,CG,CG,0.0,0,20
CP002684.1,G,22659,CG,CG,0.0,0,22
CP002684.1,C,22663,CG,CG,0.0,0,20
CP002684.1,G,22664,CG,CG,0.0,0,21
CP002684.1,C,22737,CG,CG,0.0,0,15
CP002684.1,G,22738,CG,CG,0.0,0,17
CP002684.1,C,22755,CG,CG,0.0,0,14
CP002684.1,G,22756,CG,CG,0.0,0,16
CP002684.1,C,22787,CG,CG,0.0,0,14
CP002684.1,G,22788,CG,CG,0.0,0,20
CP002684.1,C,22799,CG,CG,0.0,0,14
CP002684.1,G,22800,CG,CG,0.0,0,19
CP002684.1,C,22831,CG,CG,0.0,0,17
CP002684.1,G,22832,CG,CG,0.0,0,18
CP002684.1,C,22837,CG,CG,0.0,0,17
CP002684.1,G,22838,CG,CG,0.0,0,20
CP002684.1,C,22870,CG,CG,0.0,0,20
CP002684.1,G,22871,CG,CG,0.0,0,21
CP002684.1,C,22972,CG,CG,0.0,0,27
CP002684.1,G,22973,CG,CG,0.0,0,15
CP002684.1,C,23026,CG,CG,0.0,0,23
CP002684.1,C,23151,CG,CG,0.0,0,23
CP002684.1,C,23180,CG,CG,0.052632,1,19
CP002684.1,C,23188,CG,CG,0.0,0,17
CP002684.1,C,23296,CG,CG,0.0,0,18
CP002684.1,G,23297,CG,CG,0.0,0,17
CP002684.1,C,23337,CG,CG,0.0,0,15
CP002684.1,G,23338,CG,CG,0.0,0,18
CP002684.1,C,23344,CG,CG,0.0,0,15
CP002684.1,G,23345,CG,CG,0.0,0,17
CP002684.1,C,23348,CG,CG,0.0,0,12
CP002684.1,G,23349,CG,CG,0.0,0,17
CP002684.1,G,23422,CG,CG,0.0,0,18
CP002684.1,C,23581,CG,CG,0.0,0,11
CP002684.1,G,23582,CG,CG,0.0,0,27
CP002684.1,C,23605,CG,CG,0.0,0,11
CP002684.1,G,23606,CG,CG,0.0,0,26
CP002684.1,C,23614,CG,CG,0.0,0,10
CP002684.1,G,23615,CG,CG,0.0,0,22
CP002684.1,C,23668,CG,CG,0.0,0,10
CP002684.1,G,23669,CG,CG,0.0,0,22
CP002684.1,C,23671,CG,CG,0.0,0,10
CP002684.1,G,23672,CG,CG,0.0,0,22
CP002684.1,C,23689,CG,CG,0.0,0,11
CP002684.1,G,23690,CG,CG,0.043478,1,23
CP002684.1,C,23725,CG,CG,0.0,0,15
CP002684.1,G,23726,CG,CG,0.0,0,23
CP002684.1,C,23749,CG,CG,0.0,0,15
CP002684.1,G,23750,CG,CG,0.0,0,19
CP002684.1,C,23776,CG,CG,0.0,0,18
CP002684.1,G,23777,CG,CG,0.0,0,12
CP002684.1,C,23845,CG,CG,0.0,0,17
CP002684.1,C,23857,CG,CG,0.0,0,18
CP002684.1,C,23865,CG,CG,0.0,0,18
CP002684.1,C,23993,CG,CG,0.0,0,19
CP002684.1,C,23999,CG,CG,0.0,0,20
CP002684.1,C,24010,CG,CG,0.285714,6,21
CP002684.1,C,24015,CG,CG,0.363636,8,22
CP002684.1,C,24188,CG,CG,0.9,18,20
CP002684.1,G,24189,CG,CG,0.818182,9,11
CP002684.1,C,24190,CG,CG,0.809524,17,21
CP002684.1,G,24191,CG,CG,0.636364,7,11
CP002684.1,C,24196,CG,CG,0.913043,21,23
CP002684.1,G,24197,CG,CG,0.916667,11,12
CP002684.1,C,24236,CG,CG,0.791667,19,24
CP002684.1,G,24237,CG,CG,0.9,9,10
CP002684.1,C,24269,CG,CG,0.041667,1,24
CP002684.1,G,24270,CG,CG,0.090909,1,11
CP002684.1,C,24303,CG,CG,0.727273,16,22
CP002684.1,G,24304,CG,CG,1.0,16,16
CP002684.1,C,24312,CG,CG,0.952381,20,21
CP002684.1,G,24313,CG,CG,0.8125,13,16
CP002684.1,C,24331,CG,CG,0.941176,16,17
CP002684.1,G,24332,CG,CG,0.888889,16,18
CP002684.1,C,24352,CG,CG,0.846154,11,13
CP002684.1,G,24353,CG,CG,1.0,21,21
CP002684.1,C,24354,CG,CG,1.0,13,13
CP002684.1,G,24355,CG,CG,1.0,21,21
CP002684.1,C,24414,CG,CG,0.454545,5,11
CP002684.1,G,24415,CG,CG,0.227273,5,22
CP002684.1,C,24456,CG,CG,0.8,8,10
CP002684.1,G,24457,CG,CG,0.95,19,20
CP002684.1,C,24533,CG,CG,0.071429,1,14
CP002684.1,G,24534,CG,CG,0.0,0,21
CP002684.1,C,24557,CG,CG,0.0,0,15
CP002684.1,G,24558,CG,CG,0.0,0,18
CP002684.1,C,24623,CG,CG,0.866667,13,15
CP002684.1,G,24624,CG,CG,0.809524,17,21
CP002684.1,C,24635,CG,CG,0.666667,10,15
CP002684.1,G,24636,CG,CG,0.857143,18,21
CP002684.1,C,24723,CG,CG,0.933333,14,15
CP002684.1,G,24724,CG,CG,0.869565,20,23
CP002684.1,C,24747,CG,CG,0.833333,10,12
CP002684.1,G,24748,CG,CG,0.782609,18,23
CP002684.1,C,24835,CG,CG,0.85,17,20
CP002684.1,G,24836,CG,CG,0.842105,16,19
CP002684.1,C,24838,CG,CG,0.842105,16,19
CP002684.1,G,24839,CG,CG,0.631579,12,19
CP002684.1,C,24850,CG,CG,0.388889,7,18
CP002684.1,G,24851,CG,CG,0.238095,5,21
CP002684.1,C,24945,CG,CG,0.75,9,12
CP002684.1,G,24946,CG,CG,0.761905,16,21
CP002684.1,C,25036,CG,CG,0.0,0,16
CP002684.1,G,25037,CG,CG,0.0,0,14
CP002684.1,C,25065,CG,CG,0.777778,14,18
CP002684.1,G,25066,CG,CG,0.928571,13,14
CP002684.1,C,25076,CG,CG,0.789474,15,19
CP002684.1,G,25077,CG,CG,0.933333,14,15
CP002684.1,C,25084,CG,CG,0.913043,21,23
CP002684.1,G,25085,CG,CG,1.0,11,11
CP002684.1,C,25104,CG,CG,0.833333,20,24
CP002684.1,C,25124,CG,CG,0.851852,23,27
CP002684.1,C,25168,CG,CG,0.821429,23,28
CP002684.1,C,25171,CG,CG,0.925926,25,27
CP002684.1,C,25245,CG,CG,0.666667,14,21
CP002684.1,C,25333,CG,CG,0.916667,11,12
CP002684.1,G,25334,CG,CG,1.0,10,10
CP002684.1,C,25347,CG,CG,0.642857,9,14
CP002684.1,G,25348,CG,CG,0.727273,8,11
CP002684.1,C,25354,CG,CG,0.928571,13,14
CP002684.1,G,25355,CG,CG,0.75,9,12
CP002684.1,C,25464,CG,CG,0.0,0,23
CP002684.1,G,25465,CG,CG,0.0,0,13
CP002684.1,C,25580,CG,CG,0.0,0,19
CP002684.1,G,25581,CG,CG,0.0,0,10
CP002684.1,C,25583,CG,CG,0.0,0,19
CP002684.1,G,25584,CG,CG,0.0,0,10
CP002684.1,C,25649,CG,CG,0.894737,17,19
CP002684.1,C,25667,CG,CG,1.0,15,15
CP002684.1,G,25668,CG,CG,0.9,9,10
CP002684.1,C,25669,CG,CG,1.0,15,15
CP002684.1,G,25670,CG,CG,1.0,10,10
CP002684.1,C,25672,CG,CG,0.941176,16,17
CP002684.1,C,25709,CG,CG,0.882353,15,17
CP002684.1,C,25773,CG,CG,1.0,18,18
CP002684.1,C,25783,CG,CG,0.857143,18,21
CP002684.1,C,25831,CG,CG,1.0,19,19
CP002684.1,G,25832,CG,CG,0.9,9,10
CP002684.1,C,25844,CG,CG,0.952381,20,21
CP002684.1,G,25845,CG,CG,1.0,11,11
CP002684.1,C,25862,CG,CG,0.857143,18,21
CP002684.1,G,25863,CG,CG,0.8,8,10
CP002684.1,C,25865,CG,CG,0.952381,20,21
CP002684.1,G,25866,CG,CG,1.0,10,10
CP002684.1,C,25947,CG,CG,0.842105,16,19
CP002684.1,G,25948,CG,CG,0.9375,15,16
CP002684.1,C,25961,CG,CG,0.875,14,16
CP002684.1,G,25962,CG,CG,0.928571,13,14
CP002684.1,C,26088,CG,CG,0.916667,11,12
CP002684.1,G,26089,CG,CG,1.0,22,22
CP002684.1,G,26101,CG,CG,0.913043,21,23
CP002684.1,G,26115,CG,CG,0.952381,20,21
CP002684.1,C,26192,CG,CG,0.0,0,14
CP002684.1,G,26193,CG,CG,0.038462,1,26
CP002684.1,C,26315,CG,CG,0.0,0,20
CP002684.1,G,26316,CG,CG,0.0,0,18
CP002684.1,C,26351,CG,CG,0.636364,14,22
CP002684.1,G,26352,CG,CG,0.565217,13,23
CP002684.1,C,26361,CG,CG,0.909091,20,22
CP002684.1,G,26362,CG,CG,0.954545,21,22
CP002684.1,C,26366,CG,CG,1.0,22,22
CP002684.1,G,26367,CG,CG,0.947368,18,19
CP002684.1,C,26380,CG,CG,0.954545,21,22
CP002684.1,G,26381,CG,CG,0.619048,13,21
CP002684.1,C,26403,CG,CG,1.0,22,22
CP002684.1,G,26404,CG,CG,1.0,21,21
CP002684.1,C,26409,CG,CG,0.913043,21,23
CP002684.1,G,26410,CG,CG,0.95,19,20
CP002684.1,C,26558,CG,CG,0.823529,14,17
CP002684.1,G,26559,CG,CG,0.866667,13,15
CP002684.1,C,26563,CG,CG,0.8125,13,16
CP002684.1,G,26564,CG,CG,0.866667,13,15
CP002684.1,C,26601,CG,CG,0.823529,14,17
CP002684.1,G,26602,CG,CG,0.846154,11,13
CP002684.1,C,26650,CG,CG,1.0,16,16
CP002684.1,G,26651,CG,CG,0.769231,10,13
CP002684.1,C,26729,CG,CG,0.722222,13,18
CP002684.1,G,26730,CG,CG,0.75,12,16
CP002684.1,C,26731,CG,CG,0.823529,14,17
CP002684.1,G,26732,CG,CG,0.875,14,16
CP002684.1,C,26787,CG,CG,0.8,16,20
CP002684.1,G,26788,CG,CG,0.954545,21,22
CP002684.1,C,26852,CG,CG,0.0,0,13
CP002684.1,G,26853,CG,CG,0.0,0,18
CP002684.1,C,26875,CG,CG,0.0,0,14
CP002684.1,G,26876,CG,CG,0.0,0,18
CP002684.1,C,26921,CG,CG,1.0,15,15
CP002684.1,G,26922,CG,CG,0.956522,22,23
CP002684.1,C,26960,CG,CG,0.0,0,20
CP002684.1,G,26961,CG,CG,0.0,0,19
CP002684.1,C,26998,CG,CG,0.0,0,23
CP002684.1,G,26999,CG,CG,0.0,0,22
CP002684.1,C,27083,CG,CG,0.0,0,18
CP002684.1,G,27084,CG,CG,0.0,0,18
CP002684.1,C,27149,CG,CG,1.0,20,20
CP002684.1,G,27150,CG,CG,0.846154,11,13
CP002684.1,C,27163,CG,CG,0.857143,18,21
CP002684.1,G,27164,CG,CG,1.0,11,11
CP002684.1,C,27185,CG,CG,0.869565,20,23
CP002684.1,G,27186,CG,CG,0.833333,10,12
CP002684.1,C,27268,CG,CG,0.0,0,18
CP002684.1,G,27269,CG,CG,0.0,0,13
CP002684.1,C,27485,CG,CG,0.909091,20,22
CP002684.1,G,27486,CG,CG,0.916667,11,12
CP002684.1,C,27500,CG,CG,0.863636,19,22
CP002684.1,G,27501,CG,CG,0.875,14,16
CP002684.1,C,27502,CG,CG,0.909091,20,22
CP002684.1,G,27503,CG,CG,1.0,15,15
CP002684.1,C,27625,CG,CG,0.947368,18,19
CP002684.1,G,27626,CG,CG,0.95,19,20
CP002684.1,C,27651,CG,CG,0.9,18,20
CP002684.1,G,27652,CG,CG,0.894737,17,19
CP002684.1,C,27844,CG,CG,0.909091,20,22
CP002684.1,G,27845,CG,CG,0.928571,13,14
CP002684.1,C,27873,CG,CG,0.75,18,24
CP002684.1,G,27874,CG,CG,0.7,7,10
CP002684.1,C,27927,CG,CG,0.0,0,19
CP002684.1,G,27928,CG,CG,0.0,0,12
CP002684.1,C,27978,CG,CG,1.0,25,25
CP002684.1,C,27990,CG,CG,0.952381,20,21
CP002684.1,C,28016,CG,CG,0.95,19,20
CP002684.1,C,28021,CG,CG,0.952381,20,21
CP002684.1,G,28022,CG,CG,0.9,9,10
CP002684.1,C,28033,CG,CG,0.85,17,20
CP002684.1,C,28091,CG,CG,0.8,12,15
CP002684.1,C,28159,CG,CG,1.0,15,15
CP002684.1,G,28160,CG,CG,1.0,10,10
CP002684.1,C,28300,CG,CG,0.857143,18,21
CP002684.1,G,28301,CG,CG,1.0,12,12
CP002684.1,C,28309,CG,CG,0.842105,16,19
CP002684.1,G,28310,CG,CG,1.0,10,10
CP002684.1,C,28316,CG,CG,0.95,19,20
CP002684.1,G,28317,CG,CG,1.0,10,10
CP002684.1,C,28324,CG,CG,0.636364,14,22
CP002684.1,G,28325,CG,CG,1.0,13,13
CP002684.1,C,28407,CG,CG,0.0,0,15
CP002684.1,G,28408,CG,CG,0.0,0,15
CP002684.1,C,28411,CG,CG,0.0,0,14
CP002684.1,G,28412,CG,CG,0.0,0,14
CP002684.1,C,28516,CG,CG,0.9,9,10
CP002684.1,G,28517,CG,CG,0.888889,16,18
CP002684.1,C,28631,CG,CG,0.5625,9,16
CP002684.1,G,28632,CG,CG,0.647059,11,17
CP002684.1,C,28754,CG,CG,0.2,2,10
CP002684.1,G,28755,CG,CG,0.2,5,25
CP002684.1,C,28764,CG,CG,0.6,6,10
CP002684.1,G,28765,CG,CG,0.92,23,25
CP002684.1,C,28790,CG,CG,0.0,0,10
CP002684.1,G,28791,CG,CG,0.0,0,27
CP002684.1,C,28849,CG,CG,0.7,7,10
CP002684.1,G,28850,CG,CG,0.916667,22,24
CP002684.1,G,28861,CG,CG,0.636364,14,22
CP002684.1,C,28924,CG,CG,0.909091,10,11
CP002684.1,G,28925,CG,CG,1.0,14,14
CP002684.1,C,28948,CG,CG,0.8,12,15
CP002684.1,G,28949,CG,CG,1.0,14,14
CP002684.1,C,28959,CG,CG,0.9375,15,16
CP002684.1,G,28960,CG,CG,0.928571,13,14
CP002684.1,C,28965,CG,CG,0.875,14,16
CP002684.1,G,28966,CG,CG,0.857143,12,14
CP002684.1,C,28979,CG,CG,0.933333,14,15
CP002684.1,G,28980,CG,CG,0.933333,14,15
CP002684.1,C,29032,CG,CG,0.0,0,14
CP002684.1,G,29033,CG,CG,0.0,0,11
CP002684.1,G,29181,CG,CG,1.0,14,14
CP002684.1,G,29186,CG,CG,0.769231,10,13
CP002684.1,G,29198,CG,CG,0.25,4,16
CP002684.1,G,29208,CG,CG,0.666667,10,15
CP002684.1,C,29233,CG,CG,0.9,9,10
CP002684.1,G,29234,CG,CG,0.642857,9,14
CP002684.1,C,29256,CG,CG,0.8,12,15
CP002684.1,G,29257,CG,CG,0.8,12,15
CP002684.1,C,29288,CG,CG,0.916667,11,12
CP002684.1,G,29289,CG,CG,1.0,13,13
CP002684.1,C,29383,CG,CG,0.583333,7,12
CP002684.1,C,29388,CG,CG,0.916667,11,12
CP002684.1,C,29393,CG,CG,0.75,9,12
CP002684.1,C,29398,CG,CG,0.846154,11,13
CP002684.1,C,29428,CG,CG,0.764706,13,17
CP002684.1,C,29435,CG,CG,0.823529,14,17
CP002684.1,C,29438,CG,CG,0.647059,11,17
CP002684.1,C,29464,CG,CG,0.833333,15,18
CP002684.1,C,29471,CG,CG,0.833333,15,18
CP002684.1,G,29472,CG,CG,0.818182,9,11
CP002684.1,C,29495,CG,CG,0.761905,16,21
CP002684.1,G,29496,CG,CG,0.923077,12,13
CP002684.1,C,29507,CG,CG,0.863636,19,22
CP002684.1,G,29508,CG,CG,0.866667,13,15
CP002684.1,C,29563,CG,CG,0.92,23,25
CP002684.1,G,29564,CG,CG,0.9,18,20
CP002684.1,C,29568,CG,CG,0.791667,19,24
CP002684.1,G,29569,CG,CG,0.9,18,20
CP002684.1,C,29587,CG,CG,0.0,0,22
CP002684.1,G,29588,CG,CG,0.0,0,21
CP002684.1,C,29627,CG,CG,0.947368,18,19
CP002684.1,G,29628,CG,CG,0.941176,16,17
CP002684.1,C,29630,CG,CG,1.0,17,17
CP002684.1,G,29631,CG,CG,0.941176,16,17
CP002684.1,C,29681,CG,CG,0.1875,3,16
CP002684.1,G,29682,CG,CG,0.294118,5,17
CP002684.1,C,29705,CG,CG,1.0,15,15
CP002684.1,G,29706,CG,CG,1.0,11,11
CP002684.1,C,29756,CG,CG,0.615385,8,13
CP002684.1,G,29757,CG,CG,0.533333,8,15
CP002684.1,C,29857,CG,CG,0.583333,7,12
CP002684.1,G,29858,CG,CG,0.6,12,20
CP002684.1,C,29888,CG,CG,0.714286,10,14
CP002684.1,G,29889,CG,CG,0.714286,15,21
CP002684.1,C,29890,CG,CG,0.857143,12,14
CP002684.1,G,29891,CG,CG,0.857143,18,21
CP002684.1,C,29952,CG,CG,0.0,0,16
CP002684.1,G,29953,CG,CG,0.0,0,19
CP002684.1,C,29967,CG,CG,0.611111,11,18
CP002684.1,G,29968,CG,CG,0.823529,14,17
CP002684.1,C,29977,CG,CG,0.8125,13,16
CP002684.1,G,29978,CG,CG,0.933333,14,15
CP002684.1,C,29987,CG,CG,0.714286,10,14
CP002684.1,G,29988,CG,CG,0.75,12,16
CP002684.1,C,30000,CG,CG,0.785714,11,14
CP002684.1,G,30001,CG,CG,0.941176,16,17
CP002684.1,C,30002,CG,CG,0.714286,10,14
CP002684.1,G,30003,CG,CG,0.823529,14,17
CP002684.1,C,30007,CG,CG,0.846154,11,13
CP002684.1,G,30008,CG,CG,0.941176,16,17
CP002684.1,C,30036,CG,CG,0.615385,8,13
CP002684.1,G,30037,CG,CG,0.789474,15,19
CP002684.1,C,30041,CG,CG,0.928571,13,14
CP002684.1,G,30042,CG,CG,0.894737,17,19
CP002684.1,C,30050,CG,CG,0.615385,8,13
CP002684.1,G,30051,CG,CG,0.55,11,20
CP002684.1,C,30056,CG,CG,1.0,13,13
CP002684.1,G,30057,CG,CG,0.95,19,20
CP002684.1,C,30150,CG,CG,1.0,10,10
CP002684.1,G,30151,CG,CG,0.6875,11,16
CP002684.1,C,30176,CG,CG,0.916667,11,12
CP002684.1,G,30177,CG,CG,0.888889,16,18
CP002684.1,C,30184,CG,CG,1.0,13,13
CP002684.1,G,30185,CG,CG,0.888889,16,18
CP002684.1,C,30190,CG,CG,0.923077,12,13
CP002684.1,G,30191,CG,CG,0.882353,15,17
CP002684.1,C,30331,CG,CG,0.0,0,17
CP002684.1,G,30332,CG,CG,0.0,0,22
CP002684.1,C,30354,CG,CG,0.0,0,19
CP002684.1,G,30355,CG,CG,0.0,0,22
CP002684.1,C,30392,CG,CG,0.0,0,13
CP002684.1,G,30393,CG,CG,0.0,0,24
CP002684.1,C,30465,CG,CG,0.928571,13,14
CP002684.1,G,30466,CG,CG,0.944444,17,18
CP002684.1,C,30470,CG,CG,0.714286,10,14
CP002684.1,G,30471,CG,CG,0.888889,16,18
CP002684.1,C,30485,CG,CG,0.928571,13,14
CP002684.1,G,30486,CG,CG,0.875,14,16
CP002684.1,C,30522,CG,CG,0.0,0,12
CP002684.1,G,30523,CG,CG,0.0,0,13
CP002684.1,C,30543,CG,CG,0.583333,7,12
CP002684.1,C,30562,CG,CG,0.916667,11,12
CP002684.1,C,30565,CG,CG,0.916667,11,12
CP002684.1,C,30585,CG,CG,0.923077,12,13
CP002684.1,C,30594,CG,CG,0.923077,12,13
CP002684.1,C,30624,CG,CG,0.769231,10,13
CP002684.1,C,30631,CG,CG,0.8,12,15
CP002684.1,C,30691,CG,CG,0.8,16,20
CP002684.1,C,30699,CG,CG,0.842105,16,19
CP002684.1,C,30715,CG,CG,0.875,14,16
CP002684.1,C,30753,CG,CG,0.0,0,20
CP002684.1,C,30759,CG,CG,0.0,0,21
CP002684.1,C,30768,CG,CG,0.0,0,20
CP002684.1,C,30879,CG,CG,0.75,15,20
CP002684.1,G,30880,CG,CG,0.727273,8,11
CP002684.1,C,30922,CG,CG,0.0,0,19
CP002684.1,G,30923,CG,CG,0.0,0,13
CP002684.1,C,30943,CG,CG,0.0,0,19
CP002684.1,G,30944,CG,CG,0.0,0,16
CP002684.1,C,30964,CG,CG,0.0,0,19
CP002684.1,G,30965,CG,CG,0.0,0,19
CP002684.1,C,30968,CG,CG,0.0,0,19
CP002684.1,G,30969,CG,CG,0.0,0,20
CP002684.1,C,30983,CG,CG,0.0,0,22
CP002684.1,G,30984,CG,CG,0.0,0,20
CP002684.1,C,30998,CG,CG,0.0,0,22
CP002684.1,G,30999,CG,CG,0.0,0,18
CP002684.1,C,31009,CG,CG,0.0,0,22
CP002684.1,G,31010,CG,CG,0.0,0,20
CP002684.1,C,31039,CG,CG,0.0,0,29
CP002684.1,G,31040,CG,CG,0.0,0,20
CP002684.1,C,31098,CG,CG,0.034483,1,29
CP002684.1,G,31099,CG,CG,0.0,0,17
CP002684.1,C,31170,CG,CG,0.0,0,29
CP002684.1,G,31171,CG,CG,0.071429,1,14
CP002684.1,C,31245,CG,CG,0.0,0,20
CP002684.1,G,31246,CG,CG,0.083333,1,12
CP002684.1,C,31386,CG,CG,0.0,0,29
CP002684.1,G,31387,CG,CG,0.0,0,11
CP002684.1,C,31544,CG,CG,0.0,0,21
CP002684.1,G,31545,CG,CG,0.0,0,19
CP002684.1,C,31591,CG,CG,0.0,0,22
CP002684.1,G,31592,CG,CG,0.0,0,22
CP002684.1,C,31699,CG,CG,0.931034,27,29
CP002684.1,G,31700,CG,CG,0.785714,11,14
CP002684.1,C,31707,CG,CG,0.793103,23,29
CP002684.1,G,31708,CG,CG,0.769231,10,13
CP002684.1,C,31710,CG,CG,0.517241,15,29
CP002684.1,G,31711,CG,CG,0.133333,2,15
CP002684.1,C,31725,CG,CG,0.230769,6,26
CP002684.1,G,31726,CG,CG,0.142857,2,14
CP002684.1,C,31826,CG,CG,0.0,0,23
CP002684.1,G,31827,CG,CG,0.0,0,12
